NO_KASUS,TAHUN,REGISTER,AGENDA_KE,AGENDA_RAW
163,2011,,1,13/07/2011 AGENDA MEDIASI KE-I
2203,2014,1011/X/KIP-PS/2014,1,22/2/2021 (Mediasi kedua)
2203,2014,1011/X/KIP-PS/2014,2,04/Maret 2021 (P.Putusan)
2473,2014,1291/XI/KIP-PS/2014,1,12/01/2021 (Putusan)
2636,2015,045/IX/KIP-PS/2015,1,2018-05-28 00:00:00
2636,2015,045/IX/KIP-PS/2015,2,2018-06-07 00:00:00
2636,2015,045/IX/KIP-PS/2015,3,2018-07-03 00:00:00
2636,2015,045/IX/KIP-PS/2015,4,2018-07-12 00:00:00
2636,2015,045/IX/KIP-PS/2015,5,2018-07-30 00:00:00
2636,2015,045/IX/KIP-PS/2015,6,2018-08-10 00:00:00
2636,2015,045/IX/KIP-PS/2015,7,24/08/2018 (putusan)
2710,2016,055/XI/KIP-PS/2016,1,2021-12-22 00:00:00
2710,2016,055/XI/KIP-PS/2016,2,2021-02-24 00:00:00
2710,2016,055/XI/KIP-PS/2016,3,19 Maret 2021 (P. Putusan)
2841,2018,002/I/KIP-PS/2018,1,2018-12-03 00:00:00
2841,2018,002/I/KIP-PS/2018,2,2019-01-10 00:00:00
2842,2018,003/I/KIP-PS/2018,1,2018-12-03 00:00:00
2842,2018,003/I/KIP-PS/2018,2,2019-01-10 00:00:00
2843,2018,004/III/KIP-PS/2018,1,2018-12-03 00:00:00
2844,2018,005/III/KIP-PS/2018,1,2018-12-03 00:00:00
2844,2018,005/III/KIP-PS/2018,2,2018-12-07 00:00:00
2844,2018,005/III/KIP-PS/2018,3,2018-12-17 00:00:00
2844,2018,005/III/KIP-PS/2018,4,19/12/2018 (P.Putusan)
2845,2018,006/IV/KIP-PS/2018,1,2018-04-03 00:00:00
2845,2018,006/IV/KIP-PS/2018,2,2018-04-04 00:00:00
2845,2018,006/IV/KIP-PS/2018,3,2018-04-05 00:00:00
2846,2018,007/IV/KIP-PS/2018,1,2018-04-03 00:00:00
2846,2018,007/IV/KIP-PS/2018,2,2018-04-04 00:00:00
2846,2018,007/IV/KIP-PS/2018,3,2018-04-05 00:00:00
2847,2018,008/IV/KIP-PS/2018,1,2018-04-03 00:00:00
2847,2018,008/IV/KIP-PS/2018,2,2018-04-04 00:00:00
2847,2018,008/IV/KIP-PS/2018,3,2018-04-05 00:00:00
2848,2018,009/IV/KIP-PS/2018,1,2018-04-03 00:00:00
2848,2018,009/IV/KIP-PS/2018,2,2018-04-04 00:00:00
2848,2018,009/IV/KIP-PS/2018,3,2018-04-05 00:00:00
2850,2018,011/IV/KIP-PS/2018,1,2018-12-03 00:00:00
2850,2018,011/IV/KIP-PS/2018,2,2018-12-17 00:00:00
2850,2018,011/IV/KIP-PS/2018,3,2019-01-03 00:00:00
2850,2018,011/IV/KIP-PS/2018,4,2018-01-24 00:00:00
2854,2018,013/VI/KIP-PS/2018,1,24/02/2020 (Mediasi)
2854,2018,013/VI/KIP-PS/2018,2,25/02/2020 (Pembacaan Putusan)
2855,2018,014/VI/KIP-PS/2018,1,2020-02-24 00:00:00
2855,2018,014/VI/KIP-PS/2018,2,25/02/2020 (Pembacaan Putusan)
2858,2018,017/VII/KIP-PS/2018,1,2019-11-01 00:00:00
2858,2018,017/VII/KIP-PS/2018,2,14/01/2020 (pemeriksaan Tertutup)
2858,2018,017/VII/KIP-PS/2018,3,21/01/2019 (Pemeriksaan Tertutup)
2858,2018,017/VII/KIP-PS/2018,4,2020-02-11 00:00:00
2859,2018,018/VII/KIP-PS/2018,1,31/11/2019
2859,2018,018/VII/KIP-PS/2018,2,2019-11-11 00:00:00
2859,2018,018/VII/KIP-PS/2018,3,2020-01-10 00:00:00
2859,2018,018/VII/KIP-PS/2018,4,15/01/2020 Mediasi I)
2859,2018,018/VII/KIP-PS/2018,5,22/01/2020 (Pembacaan Putusan)
2860,2018,019/VII/KIP-PS/2018,1,Register Dihapus
2861,2018,020/VII/KIP-PS/2018,1,Register Dihapus
2863,2018,022/VII/KIP-PS/2018,1,2020-02-24 00:00:00
2863,2018,022/VII/KIP-PS/2018,2,2020-02-25 00:00:00
2863,2018,022/VII/KIP-PS/2018,3,26/02/2020 (Pembacaan Putusan)
2864,2018,023/VII/KIP-PS/2018,1,2020-02-24 00:00:00
2864,2018,023/VII/KIP-PS/2018,2,2020-02-25 00:00:00
2864,2018,023/VII/KIP-PS/2018,3,26/02/2020 (Pembacaan Putusan)
2866,2018,025/VII/KIP-PS/2018,1,2019-11-12 00:00:00
2866,2018,025/VII/KIP-PS/2018,2,2020-12-17 00:00:00
2866,2018,025/VII/KIP-PS/2018,3,2020-01-07 00:00:00
2866,2018,025/VII/KIP-PS/2018,4,2020-01-15 00:00:00
2866,2018,025/VII/KIP-PS/2018,5,2020-01-23 00:00:00
2866,2018,025/VII/KIP-PS/2018,6,2020-01-28 00:00:00
2866,2018,025/VII/KIP-PS/2018,7,2020-02-06 00:00:00
2869,2018,028/VII/KIP-PS/2018,1,2018-12-03 00:00:00
2869,2018,028/VII/KIP-PS/2018,2,2018-12-17 00:00:00
2869,2018,028/VII/KIP-PS/2018,3,2019-01-03 00:00:00
2869,2018,028/VII/KIP-PS/2018,4,2018-01-24 00:00:00
2875,2018,034/IX/KIP-PS/2018,1,Register Dihapuskan
2876,2018,035/IX/KIP-PS/2018,1,Register Dihapuskan
2885,2018,044/X/KIP-PS/2018,1,2020-02-04 00:00:00
2885,2018,044/X/KIP-PS/2018,2,2020-07-08 00:00:00
2885,2018,044/X/KIP-PS/2018,3,2020-08-25 00:00:00
2885,2018,044/X/KIP-PS/2018,4,2020-09-08 00:00:00
2885,2018,044/X/KIP-PS/2018,5,2020-09-24 00:00:00
2885,2018,044/X/KIP-PS/2018,6,30/09/2020 (Pembacaan Putusan)
2886,2018,045/X/KIP-PS/2018,1,2020-02-04 00:00:00
2886,2018,045/X/KIP-PS/2018,2,2020-02-12 00:00:00
2886,2018,045/X/KIP-PS/2018,3,03/03/2020 (Pembacaan Putusan)
2887,2018,046/X/KIP-PS/2018,1,2019-02-05 00:00:00
2887,2018,046/X/KIP-PS/2018,2,2020-02-11 00:00:00
2887,2018,046/X/KIP-PS/2018,3,2020-09-29 00:00:00
2888,2018,047/X/KIP-PS/2018,1,\
2893,2018,052/XI/KIP-PS/2018,1,6/02/ 2020
2893,2018,052/XI/KIP-PS/2018,2,13/02/2020 (Mediasi I)
2893,2018,052/XI/KIP-PS/2018,3,21/02/2020 (Pembacaan Putusan)
2894,2018,053/XI/KIP-PS/2018,1,2019-02-05 00:00:00
2894,2018,053/XI/KIP-PS/2018,2,2 September 2020 (P.Putusan)
2895,2018,054/XI/KIP-PS/2018,1,2019-02-05 00:00:00
2895,2018,054/XI/KIP-PS/2018,2,12/02/2020 (Pembacaan Putusan)
2897,2018,056/XI/KIP-PS/2018,1,2020-01-05 00:00:00
2897,2018,056/XI/KIP-PS/2018,2,2020-03-03 00:00:00
2897,2018,056/XI/KIP-PS/2018,3,2020-07-08 00:00:00
2897,2018,056/XI/KIP-PS/2018,4,22/07/2020 (MediasiI)
2897,2018,056/XI/KIP-PS/2018,5,"Kamis, 30 Juli 2020 (Pembacaan Putusan) ONLINE"
2899,2018,058/XI/KIP-PS/2018,1,2020-12-01 00:00:00
2899,2018,058/XI/KIP-PS/2018,2,02/02/2021 (Putusan)
2900,2019,001/I/KIP-PS/2019,1,30/01/2019 (Pemeriksaan Awal)
2900,2019,001/I/KIP-PS/2019,2,2020-02-05 00:00:00
2900,2019,001/I/KIP-PS/2019,3,2020-02-20 00:00:00
2900,2019,001/I/KIP-PS/2019,4,2020-03-03 00:00:00
2900,2019,001/I/KIP-PS/2019,5,2020-03-16 00:00:00
2901,2019,002/I/KIP-PS/2019,1,23/01/2020 (Pemeriksaan Awal)
2901,2019,002/I/KIP-PS/2019,2,2020-01-29 00:00:00
2901,2019,002/I/KIP-PS/2019,3,11/02/2020 (Mediasi I)
2901,2019,002/I/KIP-PS/2019,4,14/02/2010 (Mediasi II)
2901,2019,002/I/KIP-PS/2019,5,20/02/2020 (Mediasi III)
2901,2019,002/I/KIP-PS/2019,6,20/007/2020 (LANJUTAN)
2901,2019,002/I/KIP-PS/2019,7,"Kamis, 30 Juli 2020 (Pemeriksaan Tetutup)"
2901,2019,002/I/KIP-PS/2019,8,2020-09-24 00:00:00
2901,2019,002/I/KIP-PS/2019,9,1 Oktober 2020 (Putusan)
2902,2019,003/I/KIP-PS/2019,1,23/01/2020 (Pemeriksaan Awal)
2902,2019,003/I/KIP-PS/2019,2,2020-01-28 00:00:00
2902,2019,003/I/KIP-PS/2019,3,2020-02-11 00:00:00
2902,2019,003/I/KIP-PS/2019,4,11/03/2020 (Pembacaan Putusan)
2903,2019,004/I/KIP-PS/2019,1,23/01/2020 (Pemeriksaan Awal)
2903,2019,004/I/KIP-PS/2019,2,2020-01-28 00:00:00
2903,2019,004/I/KIP-PS/2019,3,2020-02-11 00:00:00
2903,2019,004/I/KIP-PS/2019,4,11/03/2020 (Pembacaan Putusan)
2904,2019,005/I/KIP-PS/2019,1,30/01/2019 (Pemeriksaan Awal)
2904,2019,005/I/KIP-PS/2019,2,2020-02-05 00:00:00
2904,2019,005/I/KIP-PS/2019,3,2020-02-12 00:00:00
2904,2019,005/I/KIP-PS/2019,4,2020-02-20 00:00:00
2904,2019,005/I/KIP-PS/2019,5,03/03/2020 (Pembacaan Putusan)
2907,2019,008/II/KIP-PS/2019,1,26 Agustus 2025 (Pembacaan Putusan)
2908,2019,009/III/KIP-PS/2019,1,06/08/2021 (Pemeriksaan Awal)
2908,2019,009/III/KIP-PS/2019,2,09/08/2021 (Pembacaan Putusan)
2909,2019,010III/KIP-PS/2019,1,2019-10-31 00:00:00
2909,2019,010III/KIP-PS/2019,2,2019-11-11 00:00:00
2909,2019,010III/KIP-PS/2019,3,18/11/2019 ( Mediasi)
2909,2019,010III/KIP-PS/2019,4,03/01/2020 (mediasi II)
2909,2019,010III/KIP-PS/2019,5,09/01/2020 (Pembacaan Putusan Mediasi)
2910,2019,011/III/KIP-PS/2019,1,2020-03-13 00:00:00
2914,2019,015/IV/KIP-PSI/2019,1,06/08/2021 (Pemeriksaan Awal)
2914,2019,015/IV/KIP-PSI/2019,2,09/08/2021 (Putusan)
2915,2019,016/IV/KIP-PSI/2019,1,19 September 2022 Putusan
2916,2019,017/IV/KIP-PSI/2019,1,18/08/2021 (Pemeriksaan Awal)
2916,2019,017/IV/KIP-PSI/2019,2,25/08/2021 Sidang Lanjutan II) Pembacaan Putusan
2917,2019,018/IV/KIP-PSI/2019,1,2021-05-04 00:00:00
2917,2019,018/IV/KIP-PSI/2019,2,2021-05-18 00:00:00
2917,2019,018/IV/KIP-PSI/2019,3,18/08/2021 (Pembacaan Putusan)
2918,2019,019/IV/KIP-PSI/2019,1,2021-05-21 00:00:00
2918,2019,019/IV/KIP-PSI/2019,2,2021-05-25 00:00:00
2918,2019,019/IV/KIP-PSI/2019,3,2021-06-15 00:00:00
2918,2019,019/IV/KIP-PSI/2019,4,2021-06-28 00:00:00
2918,2019,019/IV/KIP-PSI/2019,5,2021-08-12 00:00:00
2918,2019,019/IV/KIP-PSI/2019,6,2021-08-30 00:00:00
2918,2019,019/IV/KIP-PSI/2019,7,2021-09-07 00:00:00
2918,2019,019/IV/KIP-PSI/2019,8,15/10/2021 (Pembacaan Putusan)
2919,2019,020/IV/KIP-PSI/2019,1,2021-05-21 00:00:00
2919,2019,020/IV/KIP-PSI/2019,2,2021-05-25 00:00:00
2919,2019,020/IV/KIP-PSI/2019,3,2021-06-15 00:00:00
2919,2019,020/IV/KIP-PSI/2019,4,2021-06-28 00:00:00
2919,2019,020/IV/KIP-PSI/2019,5,2021-08-12 00:00:00
2919,2019,020/IV/KIP-PSI/2019,6,2021-08-30 00:00:00
2919,2019,020/IV/KIP-PSI/2019,7,2021-09-07 00:00:00
2919,2019,020/IV/KIP-PSI/2019,8,15/10/2021 (Pembacaan Putusan)
2920,2019,021/V/KIP-PSI/2019,1,18/12/2020 (PEMERIKSAAN AWAL)
2920,2019,021/V/KIP-PSI/2019,2,11/01/2021 (MEDIASI I)
2920,2019,021/V/KIP-PSI/2019,3,22/01/2021 (MEDIASI II)
2920,2019,021/V/KIP-PSI/2019,4,25/01/2021 (PEMBACAAN PUTUSAN)
2922,2019,023/V/KIP-PSI/2019,1,2020-03-13 00:00:00
2923,2019,024/V/KIP-PSI/2019,1,25/08/2025 (Pemeriksaan Awal)
2924,2019,025/V/KIP-PSI/2019,1,23/01/2020 (Pemeriksaan Awal)
2924,2019,025/V/KIP-PSI/2019,2,11/02/2020 (Mediasi I)
2924,2019,025/V/KIP-PSI/2019,3,13/02/2020 (Kaukus Pemohon)
2924,2019,025/V/KIP-PSI/2019,4,19/02/2020 (Kaukus Termohon)
2924,2019,025/V/KIP-PSI/2019,5,26/02/2020 (MediasiII)
2924,2019,025/V/KIP-PSI/2019,6,20/07/2020 (LANJUTAN)
2924,2019,025/V/KIP-PSI/2019,7,2020-07-30 00:00:00
2924,2019,025/V/KIP-PSI/2019,8,13 Agustus 2020 (P.Putusan)
2927,2019,028/V/KIP-PSI/2019,1,2020-03-11 00:00:00
2927,2019,028/V/KIP-PSI/2019,2,2020-08-28 00:00:00
2927,2019,028/V/KIP-PSI/2019,3,08/09/2020 (mediasi sepakat)
2927,2019,028/V/KIP-PSI/2019,4,15/09/2020 (Putusan Mediasi)
2928,2019,029/VI/KIP-PS/2019,1,2020-03-16 00:00:00
2928,2019,029/VI/KIP-PS/2019,2,2020-09-01 00:00:00
2928,2019,029/VI/KIP-PS/2019,3,2020-09-07 00:00:00
2928,2019,029/VI/KIP-PS/2019,4,2020-09-24 00:00:00
2928,2019,029/VI/KIP-PS/2019,5,2020-10-16 00:00:00
2928,2019,029/VI/KIP-PS/2019,6,12/11/2020 (Pembacaan Putusan)
2931,2019,033/VII/KIP-PS/2019,1,2020-03-11 00:00:00
2931,2019,033/VII/KIP-PS/2019,2,2020-09-23 00:00:00
2932,2019,034/VII/KIP-PS/2019,1,26 Agustus 2025 (Pembacaan Putusan)
2933,2019,032/VII/KIP-PS/2019,1,31/03/2021 (Pemeriksaan Awal)
2933,2019,032/VII/KIP-PS/2019,2,2021-06-14 00:00:00
2933,2019,032/VII/KIP-PS/2019,3,2021-06-18 00:00:00
2933,2019,032/VII/KIP-PS/2019,4,2021-06-28 00:00:00
2933,2019,032/VII/KIP-PS/2019,5,10 Agustus 2021 (Pembacaan Putusan)
2934,2019,035/VIII/KIP-PS/2019,1,2021-06-04 00:00:00
2934,2019,035/VIII/KIP-PS/2019,2,2021-06-15 00:00:00
2934,2019,035/VIII/KIP-PS/2019,3,25/06/2021 (Mediasi I)
2934,2019,035/VIII/KIP-PS/2019,4,5 Juli 2021 ( Mediasi II)
2934,2019,035/VIII/KIP-PS/2019,5,26 Juli 2021 (Mediasi III)
2934,2019,035/VIII/KIP-PS/2019,6,02 Agustus 2021 (pembacaan Putusan)
2935,2019,036/VIII/KIP-PS/2019,1,2021-03-30 00:00:00
2935,2019,036/VIII/KIP-PS/2019,2,2021-06-15 00:00:00
2935,2019,036/VIII/KIP-PS/2019,3,2021-10-22 00:00:00
2935,2019,036/VIII/KIP-PS/2019,4,11/01/2022 (LANJUTAN)
2935,2019,036/VIII/KIP-PS/2019,5,14 Januari 2022 (Pembacaan Putusan Sela)
2936,2019,037/VIII/KIP-PS/2019,1,2021-03-30 00:00:00
2936,2019,037/VIII/KIP-PS/2019,2,2021-06-15 00:00:00
2936,2019,037/VIII/KIP-PS/2019,3,2021-10-22 00:00:00
2936,2019,037/VIII/KIP-PS/2019,4,11/01/2022 (Pemeriksaan Tertutup)
2936,2019,037/VIII/KIP-PS/2019,5,29/03/2022 (Pembacaan Putusan)
2937,2019,038/VIII/KIP-PS/2019,1,2019-10-31 00:00:00
2937,2019,038/VIII/KIP-PS/2019,2,2020-01-14 00:00:00
2937,2019,038/VIII/KIP-PS/2019,3,21/01/2020 (Putusan)
2938,2019,039/VIII/KIP-PS/2019,1,28/09/2021 (Pemeriksaan Awal)
2938,2019,039/VIII/KIP-PS/2019,2,2021-10-07 00:00:00
2938,2019,039/VIII/KIP-PS/2019,3,18/10/2021 2021
2938,2019,039/VIII/KIP-PS/2019,4,2021-11-17 00:00:00
2938,2019,039/VIII/KIP-PS/2019,5,20/01/2022 (Pembacaan Putusan)
2939,2019,040/IX/KIP-PS/2019,1,"30/03/2021 (Sidang Awal, Penetapan Pencabutan)"
2940,2019,041/IX/KIP-PS/2019,1,10-10-2022 (Putusan Gugur)
2941,2019,042/IX/KIP-PS/2019,1,06/07/2022 (Sidang Pemeriksaan Awal 1)
2941,2019,042/IX/KIP-PS/2019,2,15/07/2022 (Pembacaan Penetapan Pencabutan)
2942,2019,043/IX/KIP-PS/2019,1,6 Oktober 2021 (Pemeriksaan Awal)
2942,2019,043/IX/KIP-PS/2019,2,2021-11-10 00:00:00
2942,2019,043/IX/KIP-PS/2019,3,12 November 2021 (pembacaan Putusan)
2943,2019,044/IX/KIP-PS/2019,1,2023-02-01 00:00:00
2943,2019,044/IX/KIP-PS/2019,2,2023-02-21 00:00:00
2943,2019,044/IX/KIP-PS/2019,3,2023-02-28 00:00:00
2943,2019,044/IX/KIP-PS/2019,4,13/03/2023 (MEDIASI I)
2943,2019,044/IX/KIP-PS/2019,5,29/03/2023 (MEDIASI II)
2943,2019,044/IX/KIP-PS/2019,6,2023-05-30 00:00:00
2943,2019,044/IX/KIP-PS/2019,7,03/07/2023 (PEMBUKTIAN)
2943,2019,044/IX/KIP-PS/2019,8,2023-07-10 00:00:00
2944,2019,045/IX/KIP-PS/2019,1,"10/03/2020	21/07/2020 (online)	29/07/2020 (Pembacaan Putusan/Online)
"
2946,2019,047/IX/KIP-PS/2019,1,2020-03-16 00:00:00
2946,2019,047/IX/KIP-PS/2019,2,12/06/2020 (sidang online)
2946,2019,047/IX/KIP-PS/2019,3,08/072020 (MEDIASI I)
2946,2019,047/IX/KIP-PS/2019,4,22/07/2020 (Mediasi II)
2946,2019,047/IX/KIP-PS/2019,5,30/07/2020 (Pembacan Putusan) ONLINE
2947,2019,048/X/KIP-PS/2019,1,17/112/2020 (PEMERIKSAAN AWAL)
2947,2019,048/X/KIP-PS/2019,2,15/01/2021 (Pemeriksaan II)
2947,2019,048/X/KIP-PS/2019,3,25/01/2021 (MEDIASI I Sepakat Mediasi)
2947,2019,048/X/KIP-PS/2019,4,26/01/2021 (Pembacaan Putusan Mediasi)
2950,2019,051/X/KIP-PS/2019,1,28 September 2021 ( Pemeriksaan Awal)
2950,2019,051/X/KIP-PS/2019,2,1 Oktober 2021 (Pembacaan Putusan Sela)
2951,2019,052/X/KIP-PS/2019,1,2020-03-10 00:00:00
2951,2019,052/X/KIP-PS/2019,2,2020-07-16 00:00:00
2951,2019,052/X/KIP-PS/2019,3,22/07/2020 (online) P.Putusan
2953,2019,054/XI/KIP-PS/2019,1,2021-03-25 00:00:00
2953,2019,054/XI/KIP-PS/2019,2,2021-03-31 00:00:00
2953,2019,054/XI/KIP-PS/2019,3,2021-05-20 00:00:00
2953,2019,054/XI/KIP-PS/2019,4,2021-05-27 00:00:00
2953,2019,054/XI/KIP-PS/2019,5,23/06/2021 (Putusan)
2954,2019,055/XI/KIP-PS/2019,1,25/08/2025 (Pemeriksaan Awal)
2954,2019,055/XI/KIP-PS/2019,2,08 September 2025 (Pemeriksaan awal II)
2955,2019,056/XI/KIP-PS/2019,1,04/07/2022 (Sidang Pemeriksaan Awal 1)
2955,2019,056/XI/KIP-PS/2019,2,2022-07-12 00:00:00
2955,2019,056/XI/KIP-PS/2019,3,20/07/2022 (Mediasi I)
2955,2019,056/XI/KIP-PS/2019,4,08/08/2022 (Pembacaan Putusan Mediasi)
2956,2019,057/XI/KIP-PS/2019,1,04/07/2022 (Sidang Pemeriksaan Awal 1)
2956,2019,057/XI/KIP-PS/2019,2,2022-07-12 00:00:00
2956,2019,057/XI/KIP-PS/2019,3,2022-07-20 00:00:00
2956,2019,057/XI/KIP-PS/2019,4,2022-08-08 00:00:00
2956,2019,057/XI/KIP-PS/2019,5,19/08/2022 (Mediasi 1)
2956,2019,057/XI/KIP-PS/2019,6,29/08/2022 (Mediasi Gagal)
2956,2019,057/XI/KIP-PS/2019,7,2022-10-04 00:00:00
2956,2019,057/XI/KIP-PS/2019,8,2022-11-14 00:00:00
2957,2019,058/XI/KIP-PS/2019,1,04/07/2022 (Sidang Pemeriksaan Awal 1)
2957,2019,058/XI/KIP-PS/2019,2,2022-07-12 00:00:00
2957,2019,058/XI/KIP-PS/2019,3,2022-07-20 00:00:00
2957,2019,058/XI/KIP-PS/2019,4,2022-08-08 00:00:00
2957,2019,058/XI/KIP-PS/2019,5,30/08/2022 (Mediasi Gagal)
2957,2019,058/XI/KIP-PS/2019,6,2022-10-04 00:00:00
2957,2019,058/XI/KIP-PS/2019,7,2022-11-14 00:00:00
2957,2019,058/XI/KIP-PS/2019,8,29 Agustus 2023 (Pembacaan Putusan)
2958,2019,059/XI/KIP-PS/2019,1,17/12/2020 (PEMERIKSAAN AWAL)
2958,2019,059/XI/KIP-PS/2019,2,19/01/2021 (Pemeriksaan Lanjutan)
2958,2019,059/XI/KIP-PS/2019,3,25/01/2021 (MEDIASI I)
2958,2019,059/XI/KIP-PS/2019,4,05/02/2021 (MEDIASI II)
2958,2019,059/XI/KIP-PS/2019,5,23/02/2021 (Sidang Pemeriksaan Lanjutan)
2958,2019,059/XI/KIP-PS/2019,6,09/03/2021 (Pemeriksaan Tertutup)
2958,2019,059/XI/KIP-PS/2019,7,25 Mei 2021 (Pembacaan putusan)
2959,2019,060/XII/KIP-PS/2019,1,18/12/2020 (PEMERIKSAAN AWAL)
2959,2019,060/XII/KIP-PS/2019,2,08/1/2021 (SIDANG LANJUTAN)
2959,2019,060/XII/KIP-PS/2019,3,2021-01-25 00:00:00
2959,2019,060/XII/KIP-PS/2019,4,02/02/2021 (SIDANG TERTUTUP)
2959,2019,060/XII/KIP-PS/2019,5,2021-02-24 00:00:00
2959,2019,060/XII/KIP-PS/2019,6,2021-03-04 00:00:00
2959,2019,060/XII/KIP-PS/2019,7,2021-05-20 00:00:00
2959,2019,060/XII/KIP-PS/2019,8,25 Mei (Mediasi I)
2959,2019,060/XII/KIP-PS/2019,9,4 Juni 2021 (Mediasi II)
2959,2019,060/XII/KIP-PS/2019,10,09 Juni 2021 Pembacaan Putusan
2960,2019,061/XII/KIP-PS/2019,1,21/12/2020 (PEMERIKSAAN AWAL)
2960,2019,061/XII/KIP-PS/2019,2,02/03/2020 (SIDANG LANJUTAN)
2960,2019,061/XII/KIP-PS/2019,3,10 Maret 2021 mediasi 1)
2960,2019,061/XII/KIP-PS/2019,4,4 Juni 2021  Sidang Lanjutan
2960,2019,061/XII/KIP-PS/2019,5,09/08/2021 (Pembacaan Putusan)
2962,2019,063/XII/KIP-PS/2019,1,18/08/2021 (Pemeriksaan Awal)
2962,2019,063/XII/KIP-PS/2019,2,25/08/2021 Sidang Lanjutan II) Pembacaan Putusan
2963,2020,001/I/KIP-PS/2020,1,2021-05-21 00:00:00
2963,2020,001/I/KIP-PS/2020,2,25 Mei 2021 (Mediasi I)
2963,2020,001/I/KIP-PS/2020,3,4 Juni 2021 (Mediasi II)
2963,2020,001/I/KIP-PS/2020,4,18 Agustus 2021 (Mediasi gagal)
2963,2020,001/I/KIP-PS/2020,5,30 Agustus 2021 Sidang Lanjutan
2963,2020,001/I/KIP-PS/2020,6,2021-09-07 00:00:00
2963,2020,001/I/KIP-PS/2020,7,2021-10-07 00:00:00
2963,2020,001/I/KIP-PS/2020,8,2021-10-25 00:00:00
2963,2020,001/I/KIP-PS/2020,9,2 Desember 2021 Lanjutan
2963,2020,001/I/KIP-PS/2020,10,13 Januari 2022 (Pembacaan Putusan)
2965,2020,003/II/KIP-PS/2020,1,Register dihapus
2966,2020,004/II/KIP-PS/2020,1,Register dihapus
2968,2020,006/IV/KIP-PS/2020,1,04/02/2021 (Pemeriksaan Awal)
2968,2020,006/IV/KIP-PS/2020,2,11/02/2021 (Pemeriksaan Lanjutan)
2968,2020,006/IV/KIP-PS/2020,3,23/02/2021 (Pemeriksaan Lanjutan)
2968,2020,006/IV/KIP-PS/2020,4,04 Maret 2021 (Pembacaan Putusan)
2970,2020,008/V/KIP-PS/2020,1,18/12/2020 (Pemeriksaan Awal I)
2970,2020,008/V/KIP-PS/2020,2,08/01/2020 Sidang Lanjutan
2971,2020,009/V/KIP-PS/2020,1,18/12/2020 (Pemeriksaan Awal I)
2971,2020,009/V/KIP-PS/2020,2,08/01/2020 Sidang Lanjutan
2971,2020,009/V/KIP-PS/2020,3,12/01/2021 Sidang Lanjutan
2971,2020,009/V/KIP-PS/2020,4,25/01/2021 (Pemeriksaan Tertutup)
2971,2020,009/V/KIP-PS/2020,5,02/02/2021 (Pemeriksaan Tertutup)
2971,2020,009/V/KIP-PS/2020,6,23/02/2021 (Sidang Pemeriksaan Lanjutan)
2972,2020,010/VI/KIP-PS/2020,1,18/12/2020 (Pemeriksaan Awal I)
2972,2020,010/VI/KIP-PS/2020,2,12/1/2021 (Penetapan Pencabutan)
2973,2020,011/VI/KIP-PS/2020,1,26 Agustus 2025 Pembacaan Putusan
2974,2020,012/VI/KIP-PS/2020,1,22/12/2020 (Pemeriksaan Awal)
2974,2020,012/VI/KIP-PS/2020,2,11/01/2021 (Mediasi I)
2974,2020,012/VI/KIP-PS/2020,3,25/01/2021 (Mediasi II)
2974,2020,012/VI/KIP-PS/2020,4,26/01/2021 (Mediasi III) GAGAL
2974,2020,012/VI/KIP-PS/2020,5,02/02/2021 (Sidang Lanjutan)
2974,2020,012/VI/KIP-PS/2020,6,23/02/2021 (Sidang Pemeriksaan Lanjutan)
2974,2020,012/VI/KIP-PS/2020,7,24 Mei 2021 (Pembacaan Putusan)
2975,2020,013/VI/KIP-PS/2020,1,16/07/2020 (Pemeriksaan Awal)
2975,2020,013/VI/KIP-PS/2020,2,22/07/2020 (Online)
2975,2020,013/VI/KIP-PS/2020,3,10/08/2020 (Uji Konsekuensi)
2975,2020,013/VI/KIP-PS/2020,4,2020-08-25 00:00:00
2975,2020,013/VI/KIP-PS/2020,5,2020-09-16 00:00:00
2975,2020,013/VI/KIP-PS/2020,6,24/09/2020 (P. Tertutup I)
2975,2020,013/VI/KIP-PS/2020,7,12 Oktober 2020 (P. Tertutup II)
2975,2020,013/VI/KIP-PS/2020,8,2020-10-19 00:00:00
2975,2020,013/VI/KIP-PS/2020,9,23 November 2020 (Pembacaan Putusan)
2977,2020,015/VII/KIP-PS/2020,1,22/12/2020 (Pemeriksaan Awal I)
2977,2020,015/VII/KIP-PS/2020,2,12 Januari 2021 (Mediasi I)
2977,2020,015/VII/KIP-PS/2020,3,25 Januari 2021 Sidang Lanjutan
2977,2020,015/VII/KIP-PS/2020,4,02 Februari 2021 (Putusan)
2978,2020,016/VII/KIP-PS/2020,1,16 Januari 2022 (Putusan)
2979,2020,017/VIII/KIP-PS/2020,1,22/2/2021(Pemeriksaan Awal + Penetapan Cabut)
2981,2020,019/IX/KIP-PS/2020,1,22/09/2021 (Pemeriksaan Awal)
2981,2020,019/IX/KIP-PS/2020,2,30 September 2021 (Mediasi I Sepakat Mediasi)
2981,2020,019/IX/KIP-PS/2020,3,1 Oktober 2021 (Pembacaan Putusan)
2982,2020,020/IX/KIP-PS/2020,1,13 JULI 2022(Pemeriksaan Awal)
2982,2020,020/IX/KIP-PS/2020,2,3 Agustus 2022 (Pemeriksaan Awal II)
2982,2020,020/IX/KIP-PS/2020,3,3 Agustus 2022 (Mediasi ) Sepakat
2982,2020,020/IX/KIP-PS/2020,4,22 Agustus 2022 (Putusan Mediasi)
2983,2020,021/IX/KIP-PS/2020,1,13 JULI 2022(Pemeriksaan Awal)
2983,2020,021/IX/KIP-PS/2020,2,3 Agustus 2022 (Pemeriksaan Awal II)
2983,2020,021/IX/KIP-PS/2020,3,3 Agustus 2022 (Mediasi ) Sepakat
2983,2020,021/IX/KIP-PS/2020,4,22 Agustus 2022 (Putusan Mediasi)
2984,2020,022/IX/KIP-PS/2020,1,13 JULI 2022(Pemeriksaan Awal)
2984,2020,022/IX/KIP-PS/2020,2,3 Agustus 2022 (Pemeriksaan Awal II)
2984,2020,022/IX/KIP-PS/2020,3,3 Agustus 2022 (Mediasi ) Sepakat
2984,2020,022/IX/KIP-PS/2020,4,22 Agustus 2022 (Putusan Mediasi)
2985,2020,023/X/KIP-PS/2020,1,18/12/2020 (Pemeriksaan Awal I)
2985,2020,023/X/KIP-PS/2020,2,08/01/2020 Sidang Lanjutan
2985,2020,023/X/KIP-PS/2020,3,12/01/2021 Sidang Lanjutan
2985,2020,023/X/KIP-PS/2020,4,25/01/2021 (Pemeriksaan Tertutup)
2985,2020,023/X/KIP-PS/2020,5,02/02/2021 (Pemeriksaan tertutup)
2985,2020,023/X/KIP-PS/2020,6,04 Maret 2021 (P. Putusan)
2986,2020,024/XI/KIP-PS/2020,1,23/08/2021 (Pemeriksaan Awal I)
2986,2020,024/XI/KIP-PS/2020,2,06/10/2021 (Pembacaan Putusan Sela)
2987,2020,025/XI/KIP-PS/2020,1,21 September 2021 (Pemeriksaan Awal I)
2987,2020,025/XI/KIP-PS/2020,2,28 September 2021 ( Sidang Ke-2)
2987,2020,025/XI/KIP-PS/2020,3,7 Oktober 2021 (Sidang III)
2987,2020,025/XI/KIP-PS/2020,4,2021-10-18 00:00:00
2987,2020,025/XI/KIP-PS/2020,5,2021-11-18 00:00:00
2987,2020,025/XI/KIP-PS/2020,6,20/01/2022 (Pembacaan Putusan)
2988,2020,026/XI/KIP-PS/2020,1,"09/02/2026
(pemeriksaan awal I)"
2988,2020,026/XI/KIP-PS/2020,2,"06/03/2026
(sidang lanjutan/Mediasi I)"
2988,2020,026/XI/KIP-PS/2020,3,"11/03/2026
(Sidang lanjutan/mediasi II)"
2988,2020,026/XI/KIP-PS/2020,4,20 /04/2026
2989,2020,027/XI/KIP-PS/2020,1,23/18/2021 (Pemeriksaan Awal)
2989,2020,027/XI/KIP-PS/2020,2,24/September 2021 Sidang Lanjutan (Putusan)
2992,2021,002/I/KIP-PS/2021,1,Surat Pencabutan Nomor 317/MSI/BDSP/2022 tanggal 12/10/2022
2994,2021,004/II/KIP-PS/2021,1,2022-10-18 00:00:00
2994,2021,004/II/KIP-PS/2021,2,2022-10-27 00:00:00
2999,2021,009/IV/KIP-PS/2021,1,03 Juli 2023 (Pemeriksaan Awal I)
2999,2021,009/IV/KIP-PS/2021,2,17 Juli 2023 (Pemeriksaan Lanjutan)
3000,2021,010/V/KIP-PS/2021,1,6 Oktober 2021 (Pemeriksaan Awal)
3000,2021,010/V/KIP-PS/2021,2,2021-11-10 00:00:00
3000,2021,010/V/KIP-PS/2021,3,12 November 2021 (Pembacan Putusan)
3001,2021,011/V/KIP-PS/2021,1,7 Oktober 2021 (Pemeriksaan Awal I) Pencabutan
3003,2021,013/VII/KIP-PS/2021,1,12 Juli 2022 (Sidang Pemeriksaan Awal I)
3003,2021,013/VII/KIP-PS/2021,2,14 Juli 2022 jam 10.00 (Mediasi)
3003,2021,013/VII/KIP-PS/2021,3,22 Juli 2022 (Mediasi II) Sepakat 
3003,2021,013/VII/KIP-PS/2021,4,5 Agustus 2022 (Putusan Mediasi)
3004,2021,014/VII/KIP-PS/2021,1,07/07/2022 (Sidang Pemeriksaan Awal 1)
3004,2021,014/VII/KIP-PS/2021,2,21/07/2022 (Lanjut Mediasi I)
3004,2021,014/VII/KIP-PS/2021,3,"02 Agustus 2022 (Mediasi I, Sepakat Mediasi)"
3004,2021,014/VII/KIP-PS/2021,4,19 September 2022 Putusan
3005,2021,015/VII/KIP-PS/2021,1,07/07/2022 (Sidang Pemeriksaan Awal 1)
3005,2021,015/VII/KIP-PS/2021,2,2022-07-21 00:00:00
3005,2021,015/VII/KIP-PS/2021,3,02 Agustus 2022 (Sidang Lanjutan)
3006,2021,016/VII/KIP-PS/2021,1,07/07/2022 (Sidang Pemeriksaan Awal 1)
3006,2021,016/VII/KIP-PS/2021,2,15 Julii 2022 (Mediasi I)
3006,2021,016/VII/KIP-PS/2021,3,21/07/2022 (Pembacaan Putusan Mediasi)
3007,2021,017/VII/KIP-PS/2021,1,13/09/2021 (Sidang Pemeriksaan awal I)
3007,2021,017/VII/KIP-PS/2021,2,2021-09-20 00:00:00
3007,2021,017/VII/KIP-PS/2021,3,19/10/2021 (Pemeriksaan Tertutup
3007,2021,017/VII/KIP-PS/2021,4,2219/10/2021 (Pemeriksaan Ahli)
3007,2021,017/VII/KIP-PS/2021,5,2021-10-25 00:00:00
3007,2021,017/VII/KIP-PS/2021,6,2021-11-01 00:00:00
3008,2021,018//VII/KIP-PS/2021,1,13/09/2021 (Sidang Pemeriksaan awal I)
3008,2021,018//VII/KIP-PS/2021,2,2021-09-20 00:00:00
3008,2021,018//VII/KIP-PS/2021,3,19/10/2021 (Pemeriksaan Tertutup
3008,2021,018//VII/KIP-PS/2021,4,2219/10/2021 (Pemeriksaan Ahli)
3008,2021,018//VII/KIP-PS/2021,5,2021-10-25 00:00:00
3008,2021,018//VII/KIP-PS/2021,6,2021-11-01 00:00:00
3010,2021,020/VIII/KIP-PS/2021,1,4 Agustus 2025 (Penetapan Pencabutan)
3012,2021,022/VIII/KIP-PS/2021,1,04/07/2022 (Sidang Pemeriksaan Awal 1)
3012,2021,022/VIII/KIP-PS/2021,2,2022-07-12 00:00:00
3013,2021,023/VIII/KIP-PS/2021,1,04/07/2022 (Sidang Pemeriksaan Awal 1)
3013,2021,023/VIII/KIP-PS/2021,2,2022-07-12 00:00:00
3013,2021,023/VIII/KIP-PS/2021,3,2022-07-26 00:00:00
3014,2021,024/VIII/KIP-PS/2021,1,13/09/2021 (Sidang Pemeriksaan awal I)
3014,2021,024/VIII/KIP-PS/2021,2,2021-09-21 00:00:00
3014,2021,024/VIII/KIP-PS/2021,3,19/10/2021 (Pemeriksaan Tertutup
3014,2021,024/VIII/KIP-PS/2021,4,16/11/2021 Lanjutan
3014,2021,024/VIII/KIP-PS/2021,5,25/11/2021 (Pemeriksaan Saksi/ Ahli)
3014,2021,024/VIII/KIP-PS/2021,6,07 Desember 2021 (Pemeriksaan Setempat)
3014,2021,024/VIII/KIP-PS/2021,7,06 Januari 2022 (Lanjutan)
3014,2021,024/VIII/KIP-PS/2021,8,18 Maret 2022 (Putusan)
3015,2021,025/VIII/KIP-PS/2021,1,13/09/2021 (Sidang Pemeriksaan awal I)
3015,2021,025/VIII/KIP-PS/2021,2,2021-09-21 00:00:00
3015,2021,025/VIII/KIP-PS/2021,3,19/10/2021 (Pemeriksaan Tertutup
3015,2021,025/VIII/KIP-PS/2021,4,16/11/2021 Lanjutan
3015,2021,025/VIII/KIP-PS/2021,5,25/11/2021 (Pemeriksaan Saksi/ Ahli)
3015,2021,025/VIII/KIP-PS/2021,6,07 Desember 2021 (Pemeriksaan Setempat)
3015,2021,025/VIII/KIP-PS/2021,7,06 Januari 2022 (Lanjutan)
3015,2021,025/VIII/KIP-PS/2021,8,18 Maret 2022 (Putusan)
3016,2021,026/VIII/KIP-PS/2021,1,13/09/2021 (Sidang Pemeriksaan awal I)
3016,2021,026/VIII/KIP-PS/2021,2,2021-09-21 00:00:00
3016,2021,026/VIII/KIP-PS/2021,3,19/10/2021 (Pemeriksaan Tertutup
3016,2021,026/VIII/KIP-PS/2021,4,16/11/2021 Lanjutan
3016,2021,026/VIII/KIP-PS/2021,5,25/11/2021 (Pemeriksaan Saksi/ Ahli)
3016,2021,026/VIII/KIP-PS/2021,6,07 Desember 2021 (Pemeriksaan Setempat)
3016,2021,026/VIII/KIP-PS/2021,7,06 Januari 2022 (Lanjutan)
3016,2021,026/VIII/KIP-PS/2021,8,18 Maret 2022 (Putusan)
3017,2021,027/VIII/KIP-PS/2021,1,13/09/2021 (Sidang Pemeriksaan awal I)
3017,2021,027/VIII/KIP-PS/2021,2,2021-09-21 00:00:00
3017,2021,027/VIII/KIP-PS/2021,3,19/10/2021 (Pemeriksaan Tertutup
3017,2021,027/VIII/KIP-PS/2021,4,16/11/2021 Lanjutan
3017,2021,027/VIII/KIP-PS/2021,5,25/11/2021 (Pemeriksaan Saksi/ Ahli)
3017,2021,027/VIII/KIP-PS/2021,6,07 Desember 2021 (Pemeriksaan Setempat)
3017,2021,027/VIII/KIP-PS/2021,7,06 Januari 2022 (Lanjutan)
3017,2021,027/VIII/KIP-PS/2021,8,18 Maret 2022 (Putusan)
3018,2021,028/VIII/KIP-PS/2021,1,13/09/2021 (Sidang Pemeriksaan awal I)
3018,2021,028/VIII/KIP-PS/2021,2,2021-09-21 00:00:00
3018,2021,028/VIII/KIP-PS/2021,3,19/10/2021 (Pemeriksaan Tertutup
3018,2021,028/VIII/KIP-PS/2021,4,16/11/2021 Lanjutan
3018,2021,028/VIII/KIP-PS/2021,5,25/11/2021 (Pemeriksaan Saksi/ Ahli)
3018,2021,028/VIII/KIP-PS/2021,6,07 Desember 2021 (Pemeriksaan Setempat)
3018,2021,028/VIII/KIP-PS/2021,7,06 Januari 2022 (Lanjutan)
3018,2021,028/VIII/KIP-PS/2021,8,18 Maret 2022 (Putusan)
3019,2021,029/VIII/KIP-PS/2021,1,13/09/2021 (Sidang Pemeriksaan awal I)
3019,2021,029/VIII/KIP-PS/2021,2,2021-09-21 00:00:00
3019,2021,029/VIII/KIP-PS/2021,3,19/10/2021 (Pemeriksaan Tertutup
3019,2021,029/VIII/KIP-PS/2021,4,16/11/2021 Lanjutan
3019,2021,029/VIII/KIP-PS/2021,5,25/11/2021 (Pemeriksaan Saksi/ Ahli)
3019,2021,029/VIII/KIP-PS/2021,6,07 Desember 2021 (Pemeriksaan Setempat)
3019,2021,029/VIII/KIP-PS/2021,7,06 Januari 2022 (Lanjutan)
3019,2021,029/VIII/KIP-PS/2021,8,18 Maret 2022 (Putusan)
3020,2021,030/VIII/KIP-PS/2021,1,13/09/2021 (Sidang Pemeriksaan awal I)
3020,2021,030/VIII/KIP-PS/2021,2,2021-09-21 00:00:00
3020,2021,030/VIII/KIP-PS/2021,3,19/10/2021 (Pemeriksaan Tertutup
3020,2021,030/VIII/KIP-PS/2021,4,16/11/2021 Lanjutan
3020,2021,030/VIII/KIP-PS/2021,5,25/11/2021 (Pemeriksaan Saksi/ Ahli)
3020,2021,030/VIII/KIP-PS/2021,6,07 Desember 2021 (Pemeriksaan Setempat)
3020,2021,030/VIII/KIP-PS/2021,7,06 Januari 2022 (Lanjutan)
3020,2021,030/VIII/KIP-PS/2021,8,18 Maret 2022 (Putusan)
3021,2021,031/VIII/KIP-PS/2021,1,13/09/2021 (Sidang Pemeriksaan awal I)
3021,2021,031/VIII/KIP-PS/2021,2,2021-09-21 00:00:00
3021,2021,031/VIII/KIP-PS/2021,3,19/10/2021 (Pemeriksaan Tertutup
3021,2021,031/VIII/KIP-PS/2021,4,16/11/2021 Lanjutan
3021,2021,031/VIII/KIP-PS/2021,5,25/11/2021 (Pemeriksaan Saksi/ Ahli)
3021,2021,031/VIII/KIP-PS/2021,6,07 Desember 2021 (Pemeriksaan Setempat)
3021,2021,031/VIII/KIP-PS/2021,7,06 Januari 2022 (Lanjutan)
3021,2021,031/VIII/KIP-PS/2021,8,18 Maret 2022 (Putusan)
3022,2021,032/VIII/KIP-PS/2021,1,13/09/2021 (Sidang Pemeriksaan awal I)
3022,2021,032/VIII/KIP-PS/2021,2,2021-09-21 00:00:00
3022,2021,032/VIII/KIP-PS/2021,3,19/10/2021 (Pemeriksaan Tertutup
3022,2021,032/VIII/KIP-PS/2021,4,16/11/2021 Lanjutan
3022,2021,032/VIII/KIP-PS/2021,5,25/11/2021 (Pemeriksaan Saksi/ Ahli)
3022,2021,032/VIII/KIP-PS/2021,6,07 Desember 2021 (Pemeriksaan Setempat)
3022,2021,032/VIII/KIP-PS/2021,7,06 Januari 2022 (Lanjutan)
3022,2021,032/VIII/KIP-PS/2021,8,18 Maret 2022 (Putusan)
3023,2021,033/VIII/KIP-PS/2021,1,13/09/2021 (Sidang Pemeriksaan awal I)
3023,2021,033/VIII/KIP-PS/2021,2,2021-09-21 00:00:00
3023,2021,033/VIII/KIP-PS/2021,3,19/10/2021 (Pemeriksaan Tertutup
3023,2021,033/VIII/KIP-PS/2021,4,16/11/2021 Lanjutan
3023,2021,033/VIII/KIP-PS/2021,5,25/11/2021 (Pemeriksaan Saksi/ Ahli)
3023,2021,033/VIII/KIP-PS/2021,6,07 Desember 2021 (Pemeriksaan Setempat)
3023,2021,033/VIII/KIP-PS/2021,7,06 Januari 2022 (Lanjutan)
3023,2021,033/VIII/KIP-PS/2021,8,18 Maret 2022 (Putusan)
3024,2021,034/VIII/KIP-PS/2021,1,13/09/2021 (Sidang Pemeriksaan awal I)
3024,2021,034/VIII/KIP-PS/2021,2,2021-09-21 00:00:00
3024,2021,034/VIII/KIP-PS/2021,3,19/10/2021 (Pemeriksaan Tertutup
3024,2021,034/VIII/KIP-PS/2021,4,16/11/2021 Lanjutan
3024,2021,034/VIII/KIP-PS/2021,5,25/11/2021 (Pemeriksaan Saksi/ Ahli)
3024,2021,034/VIII/KIP-PS/2021,6,07 Desember 2021 (Pemeriksaan Setempat)
3024,2021,034/VIII/KIP-PS/2021,7,06 Januari 2022 (Lanjutan)
3024,2021,034/VIII/KIP-PS/2021,8,18 Maret 2022 (Putusan)
3026,2021,036/IX/KIP-PS/2021,1,21/01/2026 (PENCABUTAN)
3027,2021,037/IX/KIP-PS/2021,1,"21/01/2026 
(Pemeriksaan Awal I)"
3027,2021,037/IX/KIP-PS/2021,2,"23/02/2026
(pemeriksaan awal II/gugur)"
3027,2021,037/IX/KIP-PS/2021,3,Putusan 23 Februari 2026
3029,2021,039/X/KIP-PS/2021,1,"21/01/2026 
(Pemeriksaan Awal I)"
3029,2021,039/X/KIP-PS/2021,2,"09/02/2026
(Pemeriksaan Awal II/Putusan Gugur)"
3031,2021,041/XI/KIP-PS/2021,1,(Sidang Pemeriksaan Awal) 06/08/2025
3031,2021,041/XI/KIP-PS/2021,2,(Pembacaan Penetapan) 12/08/2025
3032,2021,042/XI/KIP-PS/2021,1,03 Juli 2023 (Pemeriksaan Awal)
3032,2021,042/XI/KIP-PS/2021,2,2023-07-10 00:00:00
3033,2021,043/XI/KIP-PS/2021,1,13/10/2025 (Pemeriksaan Awal)
3033,2021,043/XI/KIP-PS/2021,2,22/10/2025 (Pembuktian)
3033,2021,043/XI/KIP-PS/2021,3,12/11/2025 (Uji Konsekuensi)
3033,2021,043/XI/KIP-PS/2021,4,08/12/2025 (Pemeriksaan Saksi)
3033,2021,043/XI/KIP-PS/2021,5,14/01/2026 (Pemeriksaan Saksi)
3033,2021,043/XI/KIP-PS/2021,6,23/02/2026 Putusan
3034,2021,044/XII/KIP-PS/2021,1,"09/02/2026
(pemeriksaan awal I)"
3034,2021,044/XII/KIP-PS/2021,2,"23/02/2026
(pemeriksaan awal II)"
3034,2021,044/XII/KIP-PS/2021,3,"11/03/2026
(mediasi I)"
3035,2021,045/XII/KIP-PS/2021,1,15 Juli 2022 (Pemeriksaan Awal)
3036,2021,046/XII/KIP-PS/2021,1,30/07/2025 (Sidang Pemeriksaan Awal I)
3036,2021,046/XII/KIP-PS/2021,2,"05/08/2025 
(Sidang Pemeriksaan Awal II)"
3036,2021,046/XII/KIP-PS/2021,3,"13/08/2025
(Sidang Lanjutan / Pemeriksaan Alat Bukti)"
3036,2021,046/XII/KIP-PS/2021,4,13 Agustus 2025 (putusan gugur)
3037,2021,047/XII/KIP-PS/2021,1,30/07/2025 (Sidang Pemeriksaan Awal I)
3037,2021,047/XII/KIP-PS/2021,2,"05/08/2025 
(Sidang Pemeriksaan Awal II)"
3037,2021,047/XII/KIP-PS/2021,3,"13/08/2025
(Sidang Lanjutan / Pemeriksaan Alat Bukti)"
3037,2021,047/XII/KIP-PS/2021,4,13 Agustus 2025 (putusan gugur)
3039,2021,001/I/KIP-PSP/2021,1,05/02/2021 (Pemeriksaan Awal)
3039,2021,001/I/KIP-PSP/2021,2,2021-02-09 00:00:00
3039,2021,001/I/KIP-PSP/2021,3,11/02/2021(Pembacaan Putusan)
3040,2022,001/I/KIP-PS/2022,1,2023-01-24 00:00:00
3041,2022,002/II/KIP-PS/2022,1,(Sidang Pemeriksaan Awal) 06/08/2025
3041,2022,002/II/KIP-PS/2022,2,(Pembacaan Penetapan) 12/08/2025
3042,2022,003/II/KIP-PS/2022,1,2022-10-19 00:00:00
3042,2022,003/II/KIP-PS/2022,2,28/10/2022 (Pemohon Tidak Hadir 2x)
3043,2022,004/II/KIP-PS/2022,1,2022-10-18 00:00:00
3043,2022,004/II/KIP-PS/2022,2,2022-10-27 00:00:00
3043,2022,004/II/KIP-PS/2022,3,12/01/2023 (MEDIASI I/SEPAKAT)
3043,2022,004/II/KIP-PS/2022,4,19/01/2023 (PEMBACAAN PUTUSAN MEDIASI)
3044,2022,005/II/KIP-PS/2022,1,Dicabut Sebelum Bersidang
3045,2022,006/III/KIP-PS/2022,1,2023-03-08 00:00:00
3045,2022,006/III/KIP-PS/2022,2,2023-05-30 00:00:00
3045,2022,006/III/KIP-PS/2022,3,26/03/2024 (PEMBACAAN PUTUSAN)
3049,2022,009/IV/KIP-PS/2022,1,2022-10-19 00:00:00
3049,2022,009/IV/KIP-PS/2022,2,28/10/2022 (Pemohon Tidak Hadir 2x)
3051,2022,011/IV/KIP-PS/2022,1,2022-10-19 00:00:00
3051,2022,011/IV/KIP-PS/2022,2,28/10/2022 (Pemohon Tidak Hadir 2x)
3052,2022,012/IV/KIP-PS/2022,1,2022-10-19 00:00:00
3052,2022,012/IV/KIP-PS/2022,2,28/10/2022 (Pemohon Tidak Hadir 2x)
3053,2022,013/IV/KIP-PS/2022,1,2022-10-19 00:00:00
3053,2022,013/IV/KIP-PS/2022,2,28/10/2022 (Pemohon Tidak Hadir 2x)
3056,2022,016/IV/KIP-PS/2022,1,2022-10-19 00:00:00
3056,2022,016/IV/KIP-PS/2022,2,28/10/2022 (Pemohon Tidak Hadir 2x)
3058,2022,018/IV/KIP-PS/2022,1,2022-10-19 00:00:00
3058,2022,018/IV/KIP-PS/2022,2,28/10/2022 (Pemohon Tidak Hadir 2x)
3059,2022,019/IV/KIP-PS/2022,1,2022-10-19 00:00:00
3059,2022,019/IV/KIP-PS/2022,2,28/10/2022 (Pemohon Tidak Hadir 2x)
3060,2022,020/IV/KIP-PS/2022,1,2022-10-19 00:00:00
3060,2022,020/IV/KIP-PS/2022,2,28/10/2022 (Pemohon Tidak Hadir 2x)
3061,2022,021/IV/KIP-PS/2022,1,2022-12-05 00:00:00
3061,2022,021/IV/KIP-PS/2022,2,2022-12-09 00:00:00
3062,2022,022/IV/KIP-PS/2022,1,2022-10-19 00:00:00
3062,2022,022/IV/KIP-PS/2022,2,28/10/2022 (Pemohon Tidak Hadir 2x)
3063,2022,023/IV/KIP-PS/2022,1,2022-10-19 00:00:00
3063,2022,023/IV/KIP-PS/2022,2,28/10/2022 (Pemohon Tidak Hadir 2x)
3064,2022,024/IV/KIP-PS/2022,1,2022-10-19 00:00:00
3064,2022,024/IV/KIP-PS/2022,2,28/10/2022 (Pemohon Tidak Hadir 2x)
3065,2022,025/IV/KIP-PS/2022,1,2022-10-19 00:00:00
3065,2022,025/IV/KIP-PS/2022,2,28/10/2022 (Pemohon Tidak Hadir 2x)
3066,2022,026/IV/KIP-PS/2022,1,2022-10-19 00:00:00
3066,2022,026/IV/KIP-PS/2022,2,28/10/2022 (Pemohon Tidak Hadir 2x)
3067,2022,027/IV/KIP-PS/2022,1,2022-10-19 00:00:00
3067,2022,027/IV/KIP-PS/2022,2,28/10/2022 (Pemohon Tidak Hadir 2x)
3068,2022,028/IV/KIP-PS/2022,1,2022-10-19 00:00:00
3068,2022,028/IV/KIP-PS/2022,2,28/10/2022 (Pemohon Tidak Hadir 2x)
3069,2022,029/IV/KIP-PS/2022,1,2022-10-19 00:00:00
3069,2022,029/IV/KIP-PS/2022,2,28/10/2022 (Pemohon Tidak Hadir 2x)
3070,2022,030/V/KIP-PS/2022,1,2022-10-19 00:00:00
3070,2022,030/V/KIP-PS/2022,2,28/10/2022 (Pemohon Tidak Hadir 2x)
3071,2022,031/V/KIP-PS/2022,1,2022-10-19 00:00:00
3071,2022,031/V/KIP-PS/2022,2,28/10/2022 (Pemohon Tidak Hadir 2x)
3072,2022,032/V/KIP-PS/2022,1,2022-10-19 00:00:00
3072,2022,032/V/KIP-PS/2022,2,28/10/2022 (Pemohon Tidak Hadir 2x)
3073,2022,033/V/KIP-PS/2022,1,2022-12-05 00:00:00
3073,2022,033/V/KIP-PS/2022,2,2022-12-09 00:00:00
3074,2022,034/V/KIP-PS/2022,1,2023-01-11 00:00:00
3074,2022,034/V/KIP-PS/2022,2,18/01/2023 (PEMBACAAN PUTUSAN)
3075,2022,035/V/KIP-PS/2022,1,2022-10-19 00:00:00
3075,2022,035/V/KIP-PS/2022,2,28/10/2022 (Pemohon Tidak Hadir 2x)
3076,2022,036/V/KIP-PS/2022,1,2022-10-19 00:00:00
3076,2022,036/V/KIP-PS/2022,2,28/10/2022 (Pemohon Tidak Hadir 2x)
3077,2022,37/V/KIP-PS/2022,1,2022-10-19 00:00:00
3077,2022,37/V/KIP-PS/2022,2,28/10/2022 (Pemohon Tidak Hadir 2x)
3078,2022,38/V/KIP-PS/2022,1,2022-10-19 00:00:00
3078,2022,38/V/KIP-PS/2022,2,28/10/2022 (Pemohon Tidak Hadir 2x)
3079,2022,39/V/KIP-PS/2022,1,2023-01-11 00:00:00
3079,2022,39/V/KIP-PS/2022,2,18/01/2023 (PEMBACAAN PUTUSAN)
3080,2022,40/V/KIP-PS/2022,1,2023-01-11 00:00:00
3080,2022,40/V/KIP-PS/2022,2,18/01/2023 (PEMBACAAN PUTUSAN)
3081,2022,41/V/KIP-PS/2022,1,2022-12-05 00:00:00
3081,2022,41/V/KIP-PS/2022,2,2022-12-09 00:00:00
3082,2022,42/V/KIP-PS/2022,1,2022-12-05 00:00:00
3082,2022,42/V/KIP-PS/2022,2,2022-12-09 00:00:00
3083,2022,43/V/KIP-PS/2022,1,2023-01-11 00:00:00
3083,2022,43/V/KIP-PS/2022,2,18/01/2023 (PEMBACAAN PUTUSAN)
3084,2022,44/V/KIP-PS/2022,1,2022-10-19 00:00:00
3084,2022,44/V/KIP-PS/2022,2,28/10/2022 (Pemohon Tidak Hadir 2x)
3085,2022,45/V/KIP-PS/2022,1,2022-10-19 00:00:00
3085,2022,45/V/KIP-PS/2022,2,28/10/2022 (Pemohon Tidak Hadir 2x)
3086,2022,46/V/KIP-PS/2022,1,2023-01-11 00:00:00
3086,2022,46/V/KIP-PS/2022,2,18/01/2023 (PEMBACAAN PUTUSAN)
3087,2022,47/V/KIP-PS/2022,1,2023-01-11 00:00:00
3087,2022,47/V/KIP-PS/2022,2,18/01/2023 (PEMBACAAN PUTUSAN)
3088,2022,48/V/KIP-PS/2022,1,2023-01-11 00:00:00
3088,2022,48/V/KIP-PS/2022,2,18/01/2023 (PEMBACAAN PUTUSAN)
3089,2022,49/V/KIP-PS/2022,1,2023-01-11 00:00:00
3089,2022,49/V/KIP-PS/2022,2,18/01/2023 (PEMBACAAN PUTUSAN)
3090,2022,50/V/KIP-PS/2022,1,2022-10-19 00:00:00
3090,2022,50/V/KIP-PS/2022,2,28/10/2022 (Pemohon Tidak Hadir 2x)
3091,2022,51/V/KIP-PS/2022,1,Dicabut Sebelum Bersidang
3092,2022,52/V/KIP-PS/2022,1,2023-01-11 00:00:00
3092,2022,52/V/KIP-PS/2022,2,18/01/2023 (PEMBACAAN PUTUSAN)
3093,2022,53/V/KIP-PS/2022,1,2023-01-11 00:00:00
3093,2022,53/V/KIP-PS/2022,2,18/01/2023 (PEMBACAAN PUTUSAN)
3094,2022,54/V/KIP-PS/2022,1,2023-01-11 00:00:00
3094,2022,54/V/KIP-PS/2022,2,18/01/2023 (PEMBACAAN PUTUSAN)
3095,2022,55/V/KIP-PS/2022,1,01/09/2025 (Pemeriksaan Awal I)
3095,2022,55/V/KIP-PS/2022,2,08/09/2025 (Pemeriksaan Awal II)
3095,2022,55/V/KIP-PS/2022,3,06/10/2025 (Pemeriksaan Awal III)
3095,2022,55/V/KIP-PS/2022,4,27/10/2025 (Sidang Lanjutan)
3095,2022,55/V/KIP-PS/2022,5,3/12/2025 (Sidang Pembuktian)
3095,2022,55/V/KIP-PS/2022,6,"14/01/2026
Pembacaan Putusan"
3096,2022,56/VI/KIP-PS/2022,1,2022-12-05 00:00:00
3096,2022,56/VI/KIP-PS/2022,2,2022-12-09 00:00:00
3098,2022,58/VI/KIP-PS/2022,1,2022-12-05 00:00:00
3098,2022,58/VI/KIP-PS/2022,2,2022-12-09 00:00:00
3099,2022,59/VI/KIP-PS/2022 (Lihat keterangan),1,2023-01-11 00:00:00
3099,2022,59/VI/KIP-PS/2022 (Lihat keterangan),2,18/01/2023 (PEMBACAAN PUTUSAN)
3101,2022,61/VI/KIP-PS/2022,1,2022-10-19 00:00:00
3101,2022,61/VI/KIP-PS/2022,2,28/10/2022 (Pemohon Tidak Hadir 2x)
3102,2022,62/VI/KIP-PS/2022,1,2022-12-26 00:00:00
3102,2022,62/VI/KIP-PS/2022,2,09/01/2023 (MEDIASI I)
3102,2022,62/VI/KIP-PS/2022,3,16/01/2023 (MEDIASI II)
3103,2022,63/VI/KIP-PS/2022,1,07/06/2023 (P. TERTUTUP)
3104,2022,64/VI/KIP-PS/2022,1,01/09/2025 (Pemeriksaan Awal I)
3104,2022,64/VI/KIP-PS/2022,2,08/09/2025 (Pemeriksaan Awal II)
3104,2022,64/VI/KIP-PS/2022,3,06/10/2025 (Pemeriksaan Alat Bukti)
3104,2022,64/VI/KIP-PS/2022,4,28/10/2025 (Pemeriksaan Alat Bukti II)
3104,2022,64/VI/KIP-PS/2022,5,3/12/2025 (Sidang Pembuktian)
3104,2022,64/VI/KIP-PS/2022,6,"14/01/2026
Pembacaan Putusan"
3106,2022,66/VI/KIP-PS/2022,1,2022-10-19 00:00:00
3106,2022,66/VI/KIP-PS/2022,2,28/10/2022 (Pemohon Tidak Hadir 2x)
3108,2022,68/VI/KIP-PS/2022,1,2022-12-05 00:00:00
3108,2022,68/VI/KIP-PS/2022,2,2022-12-09 00:00:00
3110,2022,70/VI/KIP-PS/2022,1,03/07/2023 (Pemeriksaan Awal I)
3110,2022,70/VI/KIP-PS/2022,2,17/07/2023 (Pemeriksaan Lanjutan)
3111,2022,71/VI/KIP-PS/2022,1,2022-12-05 00:00:00
3111,2022,71/VI/KIP-PS/2022,2,2022-12-09 00:00:00
3112,2022,72/VI/KIP-PS/2022,1,2022-12-05 00:00:00
3112,2022,72/VI/KIP-PS/2022,2,2022-12-09 00:00:00
3113,2022,73/VI/KIP-PS/2022,1,2022-12-05 00:00:00
3113,2022,73/VI/KIP-PS/2022,2,2022-12-09 00:00:00
3114,2022,74/VI/KIP-PS/2022,1,2022-12-05 00:00:00
3114,2022,74/VI/KIP-PS/2022,2,2022-12-09 00:00:00
3115,2022,75/VI/KIP-PS/2022,1,2022-12-05 00:00:00
3115,2022,75/VI/KIP-PS/2022,2,2022-12-09 00:00:00
3116,2022,76/VI/KIP-PS/2022,1,2022-12-05 00:00:00
3116,2022,76/VI/KIP-PS/2022,2,2022-12-09 00:00:00
3117,2022,77/VI/KIP-PS/2022,1,2022-12-05 00:00:00
3117,2022,77/VI/KIP-PS/2022,2,2022-12-09 00:00:00
3118,2022,78/VI/KIP-PS/2022,1,2022-12-05 00:00:00
3118,2022,78/VI/KIP-PS/2022,2,2022-12-09 00:00:00
3119,2022,79/VI/KIP-PS/2022,1,2022-12-05 00:00:00
3119,2022,79/VI/KIP-PS/2022,2,2022-12-09 00:00:00
3120,2022,80/VI/KIP-PS/2022,1,2022-12-05 00:00:00
3120,2022,80/VI/KIP-PS/2022,2,2022-12-09 00:00:00
3121,2022,81/VI/KIP-PS/2022,1,2022-12-05 00:00:00
3121,2022,81/VI/KIP-PS/2022,2,2022-12-09 00:00:00
3122,2022,82/VI/KIP-PS/2022,1,2022-12-05 00:00:00
3122,2022,82/VI/KIP-PS/2022,2,2022-12-09 00:00:00
3123,2022,83/VI/KIP-PS/2022,1,2022-12-05 00:00:00
3123,2022,83/VI/KIP-PS/2022,2,2022-12-09 00:00:00
3124,2022,84/VI/KIP-PS/2022,1,2022-12-05 00:00:00
3124,2022,84/VI/KIP-PS/2022,2,2022-12-09 00:00:00
3125,2022,85/VI/KIP-PS/2022,1,2022-12-05 00:00:00
3125,2022,85/VI/KIP-PS/2022,2,2022-12-09 00:00:00
3126,2022,86/VI/KIP-PS/2022,1,2022-12-05 00:00:00
3126,2022,86/VI/KIP-PS/2022,2,2022-12-09 00:00:00
3128,2022,88/VI/KIP-PS/2022,1,2022-12-05 00:00:00
3128,2022,88/VI/KIP-PS/2022,2,2022-12-09 00:00:00
3133,2022,93/VII/KIP-PS/2022,1,01/09/2025 (Pemeriksaan Awal I)
3133,2022,93/VII/KIP-PS/2022,2,"08/09/2025 (Pemeriksaan Awal II), Gugur"
3134,2022,94/VII/KIP-PS/2022,1,2022-09-19 00:00:00
3134,2022,94/VII/KIP-PS/2022,2,2022-10-20 00:00:00
3135,2022,95/VIII/KIP-PS/2022,1,"RVP,AS,SI, HAS"
3135,2022,95/VIII/KIP-PS/2022,2,RANO
3135,2022,95/VIII/KIP-PS/2022,3,"ANNI, WINNIE"
3136,2022,96/VIII/KIP-PS/2022,1,2026-08-31 00:00:00
3139,2022,99/IX/KIP-PS/2022,1,2023-01-11 00:00:00
3141,2022,101/IX/KIP-PS/2022,1,"08/09/2025
(pemeriksaan 
awal I)"
3141,2022,101/IX/KIP-PS/2022,2,"15/09/2025
(pemeriksaan 
awal II/gugur)"
3143,2022,103/IX/KIP-PS/2022,1,"08/09/2025
(pemeriksaan 
awal I)"
3143,2022,103/IX/KIP-PS/2022,2,"15/09/2025
(pemeriksaan 
awal II/gugur)"
3144,2022,104/IX/KIP-PS/2022,1,2023-07-11 00:00:00
3145,2022,105/IX/KIP-PS/2022,1,2023-07-11 00:00:00
3154,2022,114/XII/KIP-PS/2022,1,13/02/2026 (PENETAPAN)
3155,2022,115/XII/KIP-PS/2022,1,21/01/2026 (PENETAPAN)
3158,2023,003/I/KIP-PSI/2023,1,2023-03-08 00:00:00
3158,2023,003/I/KIP-PSI/2023,2,2023-05-30 00:00:00
3158,2023,003/I/KIP-PSI/2023,3,26/04/2024 (Pembacaan Putusan)
3159,2023,004/I/KIP-PSI/2023,1,2023-02-27 00:00:00
3159,2023,004/I/KIP-PSI/2023,2,08/03/2023 (P. TERTUTUP)
3159,2023,004/I/KIP-PSI/2023,3,2023-06-29 00:00:00
3159,2023,004/I/KIP-PSI/2023,4,2023-07-27 00:00:00
3159,2023,004/I/KIP-PSI/2023,5,14/08/2023 (Pembacaan Putusan)
3160,2023,005/I/KIP-PSI/2023,1,2023-02-27 00:00:00
3160,2023,005/I/KIP-PSI/2023,2,2023-06-29 00:00:00
3161,2023,006/I/KIP-PSI/2023,1,2023-02-27 00:00:00
3161,2023,006/I/KIP-PSI/2023,2,2023-03-08 00:00:00
3161,2023,006/I/KIP-PSI/2023,3,14/03/2023 (MEDIASI I/ GAGAL)
3161,2023,006/I/KIP-PSI/2023,4,2023-06-29 00:00:00
3161,2023,006/I/KIP-PSI/2023,5,27/07/2023 (Pemeriksaan Tertutup)
3161,2023,006/I/KIP-PSI/2023,6,14/08/2023 (Pembacaan Putusan)
3162,2023,007/I/KIP-PSI/2023,1,2023-03-08 00:00:00
3162,2023,007/I/KIP-PSI/2023,2,2023-03-29 00:00:00
3162,2023,007/I/KIP-PSI/2023,3,2023-05-30 00:00:00
3162,2023,007/I/KIP-PSI/2023,4,12/06/2023 (Pemeriksaan Tertutup)
3164,2023,009/II/KIP-PSI/2023,1,-
3164,2023,009/II/KIP-PSI/2023,2,-
3164,2023,009/II/KIP-PSI/2023,3,-
3164,2023,009/II/KIP-PSI/2023,4,-
3164,2023,009/II/KIP-PSI/2023,5,PUTUSAN
3166,2023,011/II/KIP-PSI/2023,1,2023-07-29 00:00:00
3166,2023,011/II/KIP-PSI/2023,2,1 /08/2023
3166,2023,011/II/KIP-PSI/2023,3,2023-08-06 00:00:00
3166,2023,011/II/KIP-PSI/2023,4,2023-08-11 00:00:00
3166,2023,011/II/KIP-PSI/2023,5,04/03/2024 (Pembacaan Putusan)
3174,2023,019/III/KIP-PSI/2023,1,26/03/2024 (Pembacaan Putusan)
3175,2023,020/III/KIP-PSI/2023,1,26/03/2024 (Pembacaan Putusan)
3176,2023,021/III/KIP-PSI/2023,1,26/03/2024 (Pembacaan Putusan)
3186,2023,031/IV/KIP-PSI/2023,1,PUTUSAN
3187,2023,031A/REG-PSI/IV/2023,1,PUTUSAN
3188,2023,031B/REG-PSI/IV/2023,1,PUTUSAN
3193,2023,036/IV/KIP-PSI/2023,1,2025-07-09 00:00:00
3194,2023,037/IV/KIP-PSI/2023,1,2025-07-09 00:00:00
3202,2023,045/V/KIP-PSI/2023,1,DI CABUT SEBELUM PERSIDANGAN
3336,2023,179/XIIKIP-PSI/2023,1,Pemeriksaan Awal (30 Juli 2025)
3336,2023,179/XIIKIP-PSI/2023,2,Pemeriksaan awal II (5 Agustus 2025)
3336,2023,179/XIIKIP-PSI/2023,3,Mediasi (11 Agustus 2025)
3336,2023,179/XIIKIP-PSI/2023,4,Ajudikasi ( 19 Agustus 2025)
3336,2023,179/XIIKIP-PSI/2023,5,Pembacaan putusan (8 Septermber 2025)
3341,2023,184/XII/KIP-PSI/2023,1,25/08/2025 (Pemeriksaan Awal)
3341,2023,184/XII/KIP-PSI/2023,2,08/09/2025 (Putusan Gugur)
3348,2024,007/I/KIP-PSI/2024,1,2025-05-27 00:00:00
3348,2024,007/I/KIP-PSI/2024,2,2025-06-11 00:00:00
3348,2024,007/I/KIP-PSI/2024,3,2025-06-25 00:00:00
3348,2024,007/I/KIP-PSI/2024,4,21 Juli 2025 (pembacaan Putusan)
3360,2024,019/KIP-PSI/II/2024,1,Pemeriksaan Awal (30 Juli 2025)
3360,2024,019/KIP-PSI/II/2024,2,Pemeriksaan awal II (5 Agustus 2025)
3360,2024,019/KIP-PSI/II/2024,3,Sidang Lanjutan (11 Agustus 2025)
3360,2024,019/KIP-PSI/II/2024,4,19 Agustus 2025 (pemeriksaan tertutup)
3360,2024,019/KIP-PSI/II/2024,5,Pembacaan Putusan (8 September 2025)
3374,2024,030/KIP-PSI/III/2024,1,(Sidang Pemeriksaan Awal) 06/08/2025
3374,2024,030/KIP-PSI/III/2024,2,(Sidang Pemeriksaan Awal II) 12/08/2025
3374,2024,030/KIP-PSI/III/2024,3,26/08/2025 (Sidang Lanjutan)
3374,2024,030/KIP-PSI/III/2024,4,02/09/2025 (Sidang Lanjutan)
3374,2024,030/KIP-PSI/III/2024,5,06/10/2025 (Pemeriksaan Alat Bukti)
3374,2024,030/KIP-PSI/III/2024,6,10/11/2025 (Pembacaan Putusan)
3407,2024,059/VII/KIP-PSI/2024,1,2025-08-06 00:00:00
3407,2024,059/VII/KIP-PSI/2024,2,"Rabu,13 Agustus 2025 (pembacaan Putusan Sela)"
3420,2024,072/VIII/KIP-PSI/2024,1,12/08/2025 (Pemeriksaan Awal)
3420,2024,072/VIII/KIP-PSI/2024,2,26/08/2025 (Pemeriksaan Awal II)
3420,2024,072/VIII/KIP-PSI/2024,3,01/09/2025 (Sidang Lanjutan)
3420,2024,072/VIII/KIP-PSI/2024,4,09/09/2025 (Pemeriksaan Alat Bukti)
3420,2024,072/VIII/KIP-PSI/2024,5,13/10/2025 (Pembacaan Penetapan)
3428,2024,080/XI/KIP-PSI/2024,1,Pemeriksaan Awal (30 Juli 2025)
3428,2024,080/XI/KIP-PSI/2024,2,Pemeriksaan awal II (5 Agustus 2025)
3428,2024,080/XI/KIP-PSI/2024,3,Sidang Lanjutan (11 Agustus 2025)
3428,2024,080/XI/KIP-PSI/2024,4,Pemeriksaan tertutup (19 Agustus 2025)
3428,2024,080/XI/KIP-PSI/2024,5,Pembacaan Putusan (8 September 2025)
3432,2025,001/I/KIP-PSI/2025,1,28 April 2025 Pemeriksaan Awal
3432,2025,001/I/KIP-PSI/2025,2,6 Mei 2025 Pemeriksaan Awal II
3432,2025,001/I/KIP-PSI/2025,3,07 Mei 2025 Mediasi I
3432,2025,001/I/KIP-PSI/2025,4,15 Mei 2025 Pembacaan Putusan Mediasi
3433,2025,002/I/KIP-PSI/2025,1,28 April 2025 Pemeriksaan Awal
3433,2025,002/I/KIP-PSI/2025,2,6 Mei 2025 Pemeriksaan Awal II
3433,2025,002/I/KIP-PSI/2025,3,07 Mei 2025 Mediasi I
3433,2025,002/I/KIP-PSI/2025,4,15 Mei 2025 Pembacaan Putusan Mediasi
3434,2025,003/I/KIP-PSI/2025,1,28 April 2025 Pemeriksaan Awal
3434,2025,003/I/KIP-PSI/2025,2,6 Mei 2025 Pemeriksaan Awal II
3434,2025,003/I/KIP-PSI/2025,3,10 Juni 2025 pemeriksaan Setempat (UB)
3434,2025,003/I/KIP-PSI/2025,4,18 Juni 2025 (Penyampaian Alat Bukti)
3434,2025,003/I/KIP-PSI/2025,5,8 Juli 2025 (Pembacan Putusan)
3435,2025,004/I/KIP-PSI/2025,1,14 Mei 2025 Pemeriksaan awal 
3435,2025,004/I/KIP-PSI/2025,2,16 Juni 2025 Pemeriksaan awal 
3435,2025,004/I/KIP-PSI/2025,3,25 Juni 2025 Mediasi
3435,2025,004/I/KIP-PSI/2025,4,30 Juli 2025 Pembuktian 
3435,2025,004/I/KIP-PSI/2025,5,4 Agustus 2025 Pemeriksaan setempat 
3436,2025,005/I/KIP-PSI/2025,1,14 Mei 2025 Pemeriksaan awal 
3436,2025,005/I/KIP-PSI/2025,2,16 Juni 2025 Pemeriksaan awal 
3436,2025,005/I/KIP-PSI/2025,3,25 Juni 2025 Mediasi
3436,2025,005/I/KIP-PSI/2025,4,30 Juli 2025 Pembuktian 
3436,2025,005/I/KIP-PSI/2025,5,4 Agustus 2025 Pemeriksaan setempat 
3437,2025,006/I/KIP-PSI/2025,1,14 Mei 2025 Pemeriksaan awal 
3437,2025,006/I/KIP-PSI/2025,2,16 Juni 2025 Pemeriksaan awal 
3437,2025,006/I/KIP-PSI/2025,3,25 Juni 2025 Mediasi
3437,2025,006/I/KIP-PSI/2025,4,30 Juli 2025 Pembuktian 
3437,2025,006/I/KIP-PSI/2025,5,4 Agustus 2025 Pemeriksaan setempat 
3438,2025,007/I/KIP-PSI/2025,1,14 Mei 2025 Pemeriksaan awal 
3438,2025,007/I/KIP-PSI/2025,2,16 Juni 2025 Pemeriksaan awal 
3438,2025,007/I/KIP-PSI/2025,3,25 Juni 2025 Mediasi
3438,2025,007/I/KIP-PSI/2025,4,30 Juli 2025 Pembuktian 
3438,2025,007/I/KIP-PSI/2025,5,4 Agustus 2025 Pemeriksaan setempat 
3439,2025,008/II/KIP-PSI/2025,1,28 April 2025 Pemeriksaan Awal
3439,2025,008/II/KIP-PSI/2025,2,6 Mei 2025 Pemeriksaan Awal II (Pembacaan Putusan Gugur)
3440,2025,009/II/KIP-PSI/2025,1,28 April 2025 Pemeriksaan Awal
3440,2025,009/II/KIP-PSI/2025,2,6 Mei 2025 Pemeriksaan Awal II
3440,2025,009/II/KIP-PSI/2025,3,26 Mei 2025 Pemeriksaan Lanjutan
3440,2025,009/II/KIP-PSI/2025,4,17 Juni 2025 Pemeriksaan Lanjutan
3440,2025,009/II/KIP-PSI/2025,5,24 Juni 2025 Pemeriksaan Ahli Termohon
3440,2025,009/II/KIP-PSI/2025,6,4 Agustus 2025  Pembacaan Putusan 
3442,2025,011/III/KIP-PSI/2025,1,13 Oktober 2025 Pemeriksaan Awal
3442,2025,011/III/KIP-PSI/2025,2,23 Oktober 2025 Mediasi
3442,2025,011/III/KIP-PSI/2025,3,28 Oktober 2025 Sidang Lanjutan
3442,2025,011/III/KIP-PSI/2025,4,03 November 2025 Pembacaan Putusan
3446,2025,015/III/KIP-PSI/2025,1,21 Januari 2026 Pemeriksaan Awal
3446,2025,015/III/KIP-PSI/2025,2,4 Februari 2026 Pemeriksaan Awal II
3446,2025,015/III/KIP-PSI/2025,3,9 Februari 2026 Pembacaan Putusan Sela
3447,2025,016/III/KIP-PSI/2025,1,16 Juni 2025 Pemeriksaan awal 
3447,2025,016/III/KIP-PSI/2025,2,30 Juli 2025 Pemeriksaan awal 
3447,2025,016/III/KIP-PSI/2025,3,4 Agustus 2025 Pembuktian
3449,2025,018/IV/KIP-PSI/2025,1,16 Juni 2025 Pemeriksaan awal 
3449,2025,018/IV/KIP-PSI/2025,2,Pemeriksaan awal 
3449,2025,018/IV/KIP-PSI/2025,3,Penetapan Pencabutan
3450,2025,019/IV/KIP-PSI/2025,1,14 Mei 2025 Pemeriksaan awal 
3450,2025,019/IV/KIP-PSI/2025,2,16 Juni 2025 Pemeriksaan awal 
3450,2025,019/IV/KIP-PSI/2025,3,30 Juli 2025 Pemeriksaan awal
3450,2025,019/IV/KIP-PSI/2025,4,5 Agustus 2025 Putusan Sela
3455,2025,024/V/KIP-PSI/2025,1,2025-08-13 00:00:00
3456,2025,025/V/KIP-PSI/2025,1,12/08/2025 (Pemeriksaan Awal)
3456,2025,025/V/KIP-PSI/2025,2,26/08/2025 (Pemeriksaan Awal II)
3456,2025,025/V/KIP-PSI/2025,3,02/09/2025 (Sidang Lanjutan)
3456,2025,025/V/KIP-PSI/2025,4,09/09/2025 (Pemeriksaan Alat Bukti)
3456,2025,025/V/KIP-PSI/2025,5,06/10/2025 (Pemeriksaan Alat Bukti II)
3456,2025,025/V/KIP-PSI/2025,6,27/10/2025 (Pemeriksaan Alat Bukti III)
3456,2025,025/V/KIP-PSI/2025,7,1/12/2025 (Pembacaan Putusan)
3457,2025,026/V/KIP-PSI/2025,1,17 Juni 2025 (Pemeriksaan Awal)
3457,2025,026/V/KIP-PSI/2025,2,23 Juni 2 025 Pemeriksaan Awal II Mediasi Pembacaan Putusan )
3460,2025,029/VI/KIP-PSI/2025,1,25/08/2025 (Pemeriksaan Awal)
3460,2025,029/VI/KIP-PSI/2025,2,  15/09/2025 (Pemeriksaan Awal II)
3460,2025,029/VI/KIP-PSI/2025,3,22/09/2025 (Mediasi)
3460,2025,029/VI/KIP-PSI/2025,4,07/10/2025 (Sidang Lanjutan)
3460,2025,029/VI/KIP-PSI/2025,5,22/10/2025 (Sidang Lanjutan) 
3460,2025,029/VI/KIP-PSI/2025,6,10/11/2025 (Sidang Lanjutan)
3460,2025,029/VI/KIP-PSI/2025,7,02/12/2025 (Putusan)
3467,2025,036/VII/KIP-PSI/2025,1,3/11/2025 (Sidang Pemeriksaan Awal I)
3467,2025,036/VII/KIP-PSI/2025,2,11/11/2025 (Sidang Pemeriksaan Awal II)
3467,2025,036/VII/KIP-PSI/2025,3,17/11/2025 (PENCABUTAN)
3470,2025,039/VII/KIP-PSI/2025,1,15/09/2025 (PEMERIKSAAN AWAL II)
3470,2025,039/VII/KIP-PSI/2025,2,07/10/2025 (PENCABUTAN)
3477,2025,046/IX/KIP-PSI/2025,1,01/10/2025 (Pemeriksaan Awal)
3477,2025,046/IX/KIP-PSI/2025,2,23/10/2025 (Mediasi)
3477,2025,046/IX/KIP-PSI/2025,3,10/11/2025 (Pembacaan Putusan Mediasi & Sidang Lanjutan)
3477,2025,046/IX/KIP-PSI/2025,4,03/12/2025 (Sidang Lanjutan
3477,2025,046/IX/KIP-PSI/2025,5,13/01/2026 (Putusan)
3479,2025,048/IX/KIP-PSI/2025,1,3/11/2025 (Sidang Pemeriksaan Awal I)
3479,2025,048/IX/KIP-PSI/2025,2,11/11/2025 (Sidang Pemeriksaan Awal II)
3479,2025,048/IX/KIP-PSI/2025,3,17/11/2025 (PUTUSAN SELA)
3481,2025,050/X/KIP-PSI/2025,1,10/02/2026 (Sidang Pemeriksaan Awal I)
3481,2025,050/X/KIP-PSI/2025,2,06/03/2026 (Sidang Pemeriksaan Awal II)
3481,2025,050/X/KIP-PSI/2025,3,09/04/2026 (Sidang Pemeriksaan Awal III)
3481,2025,050/X/KIP-PSI/2025,4,21/04/2026 (Uji Konsekuensi & Pembuktian)
3481,2025,050/X/KIP-PSI/2025,5,29/04/2026 (Uji Konsekuensi & Pembuktian)
3481,2025,050/X/KIP-PSI/2025,6,04/05/2026 (Sidang Lanjutan)
3481,2025,050/X/KIP-PSI/2025,7,21/05/2026 (Pemeriksaan Tertutup)
3481,2025,050/X/KIP-PSI/2025,8,10/06/2026 (Pembacaan Putusan)
3482,2025,051/X/KIP-PSI/2025,1,Putusan (31/8/2026)
3497,2025,066/X/KIP-PSI/2025,1,Putuan 31 Agustus 2026
3498,2025,067/X/KIP-PSI/2025,1,"Putusan, 13/02/2026"
3502,2025,071/X/KIP-PSI/2025,1,(Putusan )13/02/2026
3503,2025,072/X/KIP-PSI/2025,1,"Putusan, 13/02/2026"
3505,2025,074/X/KIP-PSI/2025,1,"24/11/25
Pemeriksaan Awal I"
3505,2025,074/X/KIP-PSI/2025,2,"01/12/25
Sidang Lanjutan"
3505,2025,074/X/KIP-PSI/2025,3,"08/12/25
Sidang lanjutan"
3505,2025,074/X/KIP-PSI/2025,4,"13/01/26
Putusan"
3522,2025,091/XI/KIP-PSI/2025,1,21 Januari 2026 Pemeriksaan Awal
3522,2025,091/XI/KIP-PSI/2025,2,9 Februari 2026 Pemeriksaan Awal II & Pembacaan Putusan Sela
3524,2025,093/XI/KIP-PSI/2025,1,10 Februari 2026 Pemeriksaan Awal
3524,2025,093/XI/KIP-PSI/2025,2,5 Maret 2026 Mediasi
3524,2025,093/XI/KIP-PSI/2025,3,11 Maret 2026 Putusan Mediasi
3526,2025,095/XI/KIP-PSI/2025,1,17 Maret 2026 Akta Pencabutan
3625,2026,024/II/KIP-PSI/2026,1,Pemeriksaan Awal (6 Maret 2026)
3625,2026,024/II/KIP-PSI/2026,2,Pemeriksaan Awal II (9 April 2026)
3625,2026,024/II/KIP-PSI/2026,3,Pemeriksaan Awal III (21 April 2026)
3625,2026,024/II/KIP-PSI/2026,4,Mediasi (27 April 2026)
3625,2026,024/II/KIP-PSI/2026,5,Sidang Lanjutan (29 April 2026)
3625,2026,024/II/KIP-PSI/2026,6,Pembacaan Putusan (10 Juni 2026)
3689,2026,088/VI/KIP-PSI/2026,1,29/06/2026 PEMERIKSAAN AWAL 
3689,2026,088/VI/KIP-PSI/2026,2,1/07/2026 MEDIASI I (SEPAKAT)
3689,2026,088/VI/KIP-PSI/2026,3,06/07/2026 PEMBACAAN PUTUSAN MEDIASI
